iter	Logloss
0	0.4857369516
1	0.3999081968
2	0.3616427393
3	0.3365579448
4	0.3245324378
